0,Trump owes 300 000 000 to the bank behind a global money laundering scheme led by Russian criminals trumprussia
1,Deutsche Bank s wealth management arm to hire 100 client managers
2,Deutsche Bank is suffering from the German Bund rallye Share price trades in lockstep w 10y yields
3,Deutsche Bank reaches 170 million Euribor rigging settlement
4,Preet Bharara was fired by Trump because he found out he was prosecuting Deutsche Bank
5,Deutsche Bank austerity and debt reduction are both looking increasingly like political suicide
6,Deutsche Bank Has A Few Questions About GE s Suprise CEO Announcement benzinga
7,Holy shit And it s traded in rubles with Kiwi Kiwi transactions are accepted by Deutsche Bank
8,obermayer obermaier Do you thing Deutsche Bank would provide the
9,DEUTSCHE BANK ON PETRONET LNG Petronet LNG top pick in the sector target of 550 sh 27 UPSIDE
10,All of the congressmen whoRdragging their feet on the subj are obstructing MustBheld accountable amp Rcomplicit
11,And mueller knows this
12,Deutsche Bank Withholds Evidence Of Collusion Between Trump And Russians It s a piece of the puzzle Republicans re
13,Deutsche Bank reaches US 170m Euribor rigging settlement breakingnews
14,this is what it s all about
15,Deutsche bank stonewalls Dems on Trump loans and Russia via
16,Also new today Deutsche Bank agrees to 170M settlement in Euribord investor suit
17,The stock market s next 5 move is more likely down than up says Deutsche Bank
18,U S recession remote in next 12 months Deutsche Bank U S recession remote in next 12
19,foodtrucker Lmao U mean the 4 Goldman Sachs E
20,Let s not forget Trump Fired all of DOJ Attorneys to cover up Russian ties Money Laundering amp protect
21,All extremely successful individuals who took no salary to help our country after screwups hired by Obama
22,Deutsche Bank To Pay 170M To Settle Euribor Investor Suit
23,Bank that lent 300m to Trump linked to Russian money laundering scam
24,None of them are under criminal investigations get your facts straight instead of using Maxine Waters talking poin
25,Can u say traitors We sure the f ck can
26,We should have a Sec State that says a toaster is more dangerous than Isis He was a real smart one appointed by
27,Deutsche Bank refuses to release info on Trump loans amid DOJ probe
28,Deutsche Bank on Petronet LNG Petronet is the top pick in the sector target of Rs 550 Awaaz
29,He s not just a problem for Democracy
30,Big switch report from Deutsche Bank Distributed energy to overtake centralised power by 2018 via economy
31,Global Markets Equity Research Associate Deutsche Bank Location HK Job ID 3152800 Full Part Time Full time
32,Rogers Shut down Douche Bank Shut down Wells Fargo After that check back with me for more
33,U S recession remote in next 12 months Deutsche Bank
34,DeutscheBank agrees 170m settlement in Euribor lawsuit
35,How about a protest march on Deutsche Bank They wouldn t like 10 000 people at their door Retweet if you want to
36,Deutsche Bank washes Russian money Trump owes them 100 s of Millions Trump fired The Guy Who Was Investigating
37,A bank Trump owes 300M to just ignored Congressional query in TrumpRussia probe bank also launders Russian money
38,funder A bank Trump owes 300M to just ignored Congressional query in TrumpRussia probe bank also launders Ru
39,Then there s this
40,funder funder A bank Trump owes 300M to just ignored Congressional query in TrumpRussia probe bank also
41,Deutsche Bank ignores U S Trump Russia query Democratic staffer via
42,Big Press we ne
43,This is why DT shouldn t be in the WH
44,funder A bank Trump owes 300M to just ignored Congressional query in TrumpRussia probe bank also launders Ru https
45,City Bank has done the same some 5 years back Ethiopia Banking
46,funder TrumpRussia TheResistance
47,Follow the money
48,Gotta love how libs are thrilled we are now pissed off at Germany as well as Russia All to get Trump when they
